[
  {
    "id": "b3dba728-1d79-445a-b9e3-f977fc890ee8",
    "data": [
      {
        "text": "I want to order  ",
        "userDefined": false
      },
      {
        "text": "Chicken",
        "alias": "pizzaName",
        "meta": "@pizzaName",
        "userDefined": true
      },
      {
        "text": " pizza",
        "userDefined": false
      }
    ],
    "isTemplate": false,
    "count": 0,
    "updated": 0
  },
  {
    "id": "c59b8084-bd9b-4822-bcd0-ece723d82ef1",
    "data": [
      {
        "text": "Barbecue Chicken",
        "alias": "pizzaName",
        "meta": "@pizzaName",
        "userDefined": true
      },
      {
        "text": " want",
        "userDefined": false
      }
    ],
    "isTemplate": false,
    "count": 0,
    "updated": 0
  },
  {
    "id": "5828b8c3-365a-48d4-9371-2392aaee60f9",
    "data": [
      {
        "text": "Chicken Sausage",
        "alias": "pizzaName",
        "meta": "@pizzaName",
        "userDefined": true
      },
      {
        "text": " with extra cheese",
        "userDefined": false
      }
    ],
    "isTemplate": false,
    "count": 0,
    "updated": 0
  },
  {
    "id": "6596380a-24cc-4913-8253-e5ca1a78bcfa",
    "data": [
      {
        "text": "Peppy Paneer",
        "alias": "pizzaName",
        "meta": "@pizzaName",
        "userDefined": false
      },
      {
        "text": " need",
        "userDefined": false
      }
    ],
    "isTemplate": false,
    "count": 0,
    "updated": 0
  },
  {
    "id": "9ae1d795-ac6b-4bea-80dd-554e63211da7",
    "data": [
      {
        "text": "I want ",
        "userDefined": false
      },
      {
        "text": "Farm House",
        "alias": "pizzaName",
        "meta": "@pizzaName",
        "userDefined": false
      },
      {
        "text": "  pizza",
        "userDefined": false
      }
    ],
    "isTemplate": false,
    "count": 0,
    "updated": 0
  },
  {
    "id": "9139291e-aaf5-4b74-bc53-10f16a158590",
    "data": [
      {
        "text": "Margherita",
        "alias": "pizzaName",
        "meta": "@pizzaName",
        "userDefined": true
      },
      {
        "text": "  looks good, i want it",
        "userDefined": false
      }
    ],
    "isTemplate": false,
    "count": 0,
    "updated": 0
  }
]