[
  {
    "id": "932d58b3-f3b3-47de-b666-6da3fad8b3cd",
    "data": [
      {
        "text": "Onion",
        "alias": "toppings",
        "meta": "@toppings",
        "userDefined": false
      },
      {
        "text": " toppings will be fine",
        "userDefined": false
      }
    ],
    "isTemplate": false,
    "count": 0,
    "updated": 0
  },
  {
    "id": "5b03c14f-3ef8-4d36-8b2f-a5fcb2c07138",
    "data": [
      {
        "text": "Please add extra ",
        "userDefined": false
      },
      {
        "text": "cheese",
        "alias": "toppings",
        "meta": "@toppings",
        "userDefined": true
      }
    ],
    "isTemplate": false,
    "count": 0,
    "updated": 0
  },
  {
    "id": "d05a5312-ce55-44f1-8c3b-b18be3e85871",
    "data": [
      {
        "text": "I want to add  ",
        "userDefined": false
      },
      {
        "text": "Jalapeno",
        "alias": "toppings",
        "meta": "@toppings",
        "userDefined": true
      },
      {
        "text": " in my pizza",
        "userDefined": false
      }
    ],
    "isTemplate": false,
    "count": 0,
    "updated": 0
  },
  {
    "id": "9f0dadb7-b666-4a70-8526-957c9b9e9f31",
    "data": [
      {
        "text": "Mushroom",
        "alias": "toppings",
        "meta": "@toppings",
        "userDefined": false
      }
    ],
    "isTemplate": false,
    "count": 0,
    "updated": 0
  }
]