[
  {
    "id": "0b0768cf-775d-4983-891c-0827c87c7b2e",
    "data": [
      {
        "text": "12",
        "alias": "quantity",
        "meta": "@sys.number",
        "userDefined": false
      }
    ],
    "isTemplate": false,
    "count": 0,
    "updated": 0
  },
  {
    "id": "179f5163-702c-4ac3-b133-e7ebf067825d",
    "data": [
      {
        "text": "make it ",
        "userDefined": false
      },
      {
        "text": "12",
        "alias": "quantity",
        "meta": "@sys.number",
        "userDefined": false
      }
    ],
    "isTemplate": false,
    "count": 0,
    "updated": 0
  },
  {
    "id": "28e263a3-cc5f-4e23-a504-5c0085d26f79",
    "data": [
      {
        "text": "100",
        "alias": "quantity",
        "meta": "@sys.number",
        "userDefined": false
      },
      {
        "text": " pizzas only",
        "userDefined": false
      }
    ],
    "isTemplate": false,
    "count": 0,
    "updated": 0
  },
  {
    "id": "44b3505e-6eb4-45a2-a346-2457116d936d",
    "data": [
      {
        "text": "I want ",
        "userDefined": false
      },
      {
        "text": "12",
        "alias": "quantity",
        "meta": "@sys.number",
        "userDefined": false
      },
      {
        "text": " pizza",
        "userDefined": false
      }
    ],
    "isTemplate": false,
    "count": 0,
    "updated": 0
  }
]