[
  {
    "id": "2ae4484f-2930-4d36-989c-3f60ce02cbd3",
    "data": [
      {
        "text": "It is ",
        "userDefined": false
      },
      {
        "text": "suvradip",
        "alias": "name",
        "meta": "@sys.given-name",
        "userDefined": false
      }
    ],
    "isTemplate": false,
    "count": 0,
    "updated": 0
  },
  {
    "id": "7a662b48-c681-4d02-8f9a-6a39fe3082c6",
    "data": [
      {
        "text": "My name is ",
        "userDefined": false
      },
      {
        "text": "suvradip",
        "alias": "name",
        "meta": "@sys.given-name",
        "userDefined": true
      }
    ],
    "isTemplate": false,
    "count": 0,
    "updated": 0
  },
  {
    "id": "c451d4ec-c36f-4416-a30a-9107286f595e",
    "data": [
      {
        "text": "Suvradip",
        "alias": "name",
        "meta": "@sys.given-name",
        "userDefined": true
      }
    ],
    "isTemplate": false,
    "count": 0,
    "updated": 0
  }
]