[
  {
    "id": "cc63f087-b617-4d19-97ef-b168dd4fc364",
    "data": [
      {
        "text": "BB-2/1. MG road, KOL-12341",
        "alias": "address",
        "meta": "@sys.address",
        "userDefined": false
      }
    ],
    "isTemplate": false,
    "count": 0,
    "updated": 0
  },
  {
    "id": "b2e04e17-8778-4ff9-aa08-5c0ba8b3f0d8",
    "data": [
      {
        "text": "kolkata-1234, New park hotel",
        "alias": "address",
        "meta": "@sys.address",
        "userDefined": true
      }
    ],
    "isTemplate": false,
    "count": 0,
    "updated": 0
  },
  {
    "id": "9cfa6f42-d911-4a63-931c-0b932134285f",
    "data": [
      {
        "text": "120, A.BOSE road, kol-12",
        "alias": "address",
        "meta": "@sys.address",
        "userDefined": true
      }
    ],
    "isTemplate": false,
    "count": 0,
    "updated": 0
  },
  {
    "id": "344b5d2b-627a-4b2d-877e-154edf477f85",
    "data": [
      {
        "text": "bb-2/1, s.c road, kol-213",
        "alias": "address",
        "meta": "@sys.address",
        "userDefined": false
      }
    ],
    "isTemplate": false,
    "count": 0,
    "updated": 0
  },
  {
    "id": "a1bfb07e-9586-42a0-afc1-7635e6c502c8",
    "data": [
      {
        "text": "12/2,  New Delhi, 12344",
        "alias": "address",
        "meta": "@sys.address",
        "userDefined": false
      }
    ],
    "isTemplate": false,
    "count": 0,
    "updated": 0
  },
  {
    "id": "bce4cff6-d885-47b3-bd7d-fe5bb9dab313",
    "data": [
      {
        "text": "AA-23, MG ROAD, Bangalore - 291314",
        "alias": "address",
        "meta": "@sys.address",
        "userDefined": true
      }
    ],
    "isTemplate": false,
    "count": 0,
    "updated": 0
  },
  {
    "id": "e7ab30b1-704d-4810-88ef-acfc67ffb6a7",
    "data": [
      {
        "text": "my address is ",
        "userDefined": false
      },
      {
        "text": "BB-2/1A, Kolkata-700059",
        "alias": "address",
        "meta": "@sys.address",
        "userDefined": true
      }
    ],
    "isTemplate": false,
    "count": 0,
    "updated": 0
  }
]