[
  {
    "id": "133b91f2-14b9-48fb-b5ce-e742a1df0a2e",
    "data": [
      {
        "text": "i want to know about my previous order",
        "userDefined": false
      }
    ],
    "isTemplate": false,
    "count": 0,
    "updated": 0
  },
  {
    "id": "363ad6ce-770a-46f8-8fb3-ce29fdc210ff",
    "data": [
      {
        "text": "i want to order",
        "userDefined": false
      }
    ],
    "isTemplate": false,
    "count": 0,
    "updated": 0
  },
  {
    "id": "9e27b8d1-3f4a-4b69-8442-8efbde086d40",
    "data": [
      {
        "text": "i want to order something",
        "userDefined": false
      }
    ],
    "isTemplate": false,
    "count": 0,
    "updated": 0
  },
  {
    "id": "4c93248f-43a0-4f86-a8e8-4c8b8b7ef25c",
    "data": [
      {
        "text": "pizzzza",
        "userDefined": false
      }
    ],
    "isTemplate": false,
    "count": 0,
    "updated": 0
  },
  {
    "id": "4aa68894-7185-4446-8c0d-09d53b376a5f",
    "data": [
      {
        "text": "pizza",
        "userDefined": false
      }
    ],
    "isTemplate": false,
    "count": 0,
    "updated": 0
  },
  {
    "id": "31f3e625-0ab1-46b5-87dd-67998ca52c03",
    "data": [
      {
        "text": "Please get me a pizza",
        "userDefined": false
      }
    ],
    "isTemplate": false,
    "count": 0,
    "updated": 0
  },
  {
    "id": "5d41d06a-9865-4a38-8812-c7746afbeb26",
    "data": [
      {
        "text": "I\u0027m hungry please give me pizzas",
        "userDefined": false
      }
    ],
    "isTemplate": false,
    "count": 0,
    "updated": 0
  },
  {
    "id": "5bc182f0-c317-4bc9-bcb2-c75daf379508",
    "data": [
      {
        "text": "i want pizza",
        "userDefined": false
      }
    ],
    "isTemplate": false,
    "count": 0,
    "updated": 0
  },
  {
    "id": "98c2c1fa-ce50-42e3-a229-9e3472a5e7fe",
    "data": [
      {
        "text": "I want to order a pizza",
        "userDefined": false
      }
    ],
    "isTemplate": false,
    "count": 0,
    "updated": 0
  }
]