[
  {
    "id": "dcd25fc7-039f-4d78-9fbd-c30b1170cc72",
    "data": [
      {
        "text": "OD123451",
        "alias": "trackingId",
        "meta": "@trackingId",
        "userDefined": true
      }
    ],
    "isTemplate": false,
    "count": 0,
    "updated": 0
  },
  {
    "id": "39fb6e9a-94bf-4d7d-8c75-58bfbabfd66e",
    "data": [
      {
        "text": "here is my order id ",
        "userDefined": false
      },
      {
        "text": "OD23455",
        "alias": "trackingId",
        "meta": "@trackingId",
        "userDefined": true
      }
    ],
    "isTemplate": false,
    "count": 0,
    "updated": 0
  },
  {
    "id": "b31e63cb-2a72-42ca-8f7d-76a3fc49433a",
    "data": [
      {
        "text": "my order id is ",
        "userDefined": false
      },
      {
        "text": "OD12345",
        "alias": "trackingId",
        "meta": "@trackingId",
        "userDefined": true
      }
    ],
    "isTemplate": false,
    "count": 0,
    "updated": 0
  }
]