[
  {
    "id": "e0f69490-1275-4970-a8c2-964d246dd9c9",
    "data": [
      {
        "text": "status of my food",
        "userDefined": false
      }
    ],
    "isTemplate": false,
    "count": 0,
    "updated": 0
  },
  {
    "id": "413d68d1-84c1-4eff-b001-bda56bfefb23",
    "data": [
      {
        "text": "status",
        "userDefined": false
      }
    ],
    "isTemplate": false,
    "count": 0,
    "updated": 0
  },
  {
    "id": "1dde366e-c727-4447-8c43-7cb639af079d",
    "data": [
      {
        "text": "tracking",
        "userDefined": false
      }
    ],
    "isTemplate": false,
    "count": 0,
    "updated": 0
  },
  {
    "id": "18f57537-7e12-4bb6-9006-d5289d809c5b",
    "data": [
      {
        "text": "oprder tracking",
        "userDefined": false
      }
    ],
    "isTemplate": false,
    "count": 0,
    "updated": 0
  },
  {
    "id": "defc3ce6-bb04-4247-9724-65eed8f2490f",
    "data": [
      {
        "text": "please track my order",
        "userDefined": false
      }
    ],
    "isTemplate": false,
    "count": 0,
    "updated": 0
  },
  {
    "id": "d7d5cf60-1299-4d2e-8fe9-50b0189c98bf",
    "data": [
      {
        "text": "i want track my order",
        "userDefined": false
      }
    ],
    "isTemplate": false,
    "count": 0,
    "updated": 0
  },
  {
    "id": "f1dc091f-36f9-461c-8316-3e07daa9d382",
    "data": [
      {
        "text": "order status",
        "userDefined": false
      }
    ],
    "isTemplate": false,
    "count": 0,
    "updated": 0
  },
  {
    "id": "12c948f9-ca87-4855-b48e-a3eec2f497d6",
    "data": [
      {
        "text": "please tell where is my order",
        "userDefined": false
      }
    ],
    "isTemplate": false,
    "count": 0,
    "updated": 0
  },
  {
    "id": "93c95360-8625-40a2-892b-0bd2c89a6764",
    "data": [
      {
        "text": "where is my order",
        "userDefined": false
      }
    ],
    "isTemplate": false,
    "count": 0,
    "updated": 0
  },
  {
    "id": "8b00b06c-a480-442b-8b25-c41248929a34",
    "data": [
      {
        "text": "what is the status",
        "userDefined": false
      }
    ],
    "isTemplate": false,
    "count": 0,
    "updated": 0
  },
  {
    "id": "6b5bfba3-f69c-47b2-bbfd-0522fc364dad",
    "data": [
      {
        "text": "status of my order",
        "userDefined": false
      }
    ],
    "isTemplate": false,
    "count": 0,
    "updated": 0
  },
  {
    "id": "91ec3d20-fa29-4014-8904-6bee62fca66a",
    "data": [
      {
        "text": "I want to ",
        "userDefined": false
      },
      {
        "text": "track",
        "meta": "@sys.ignore",
        "userDefined": false
      },
      {
        "text": " my order",
        "userDefined": false
      }
    ],
    "isTemplate": false,
    "count": 0,
    "updated": 0
  }
]